{"text": " Ela \u00e9 amiga da minha mulher Pois \u00e9, pois \u00e9 Mas vive dando em cima de mim Enfim, enfim A\u00ed l\u00e1 por cima \u00e9 uma tremenda garganta Pra piorar minha situa\u00e7\u00e3o", "segments": [{"id": 0, "seek": 0, "start": 0.0, "end": 7.0, "text": " Ela \u00e9 amiga da minha mulher Pois \u00e9, pois \u00e9", "tokens": [50364, 17637, 1136, 45322, 1120, 11720, 33211, 48274, 1136, 11, 31014, 1136, 50714], "temperature": 0.0, "avg_logprob": -0.32062105510545813, "compression_ratio": 1.234375, "no_speech_prob": 0.2183360606431961}, {"id": 1, "seek": 0, "start": 7.0, "end": 11.0, "text": " Mas vive dando em cima de mim Enfim, enfim", "tokens": [50714, 5224, 28927, 29854, 846, 22586, 368, 12247, 2193, 69, 332, 11, 48937, 50914], "temperature": 0.0, "avg_logprob": -0.32062105510545813, "compression_ratio": 1.234375, "no_speech_prob": 0.2183360606431961}, {"id": 2, "seek": 0, "start": 11.0, "end": 16.0, "text": " A\u00ed l\u00e1 por cima \u00e9 uma tremenda garganta Pra piorar minha situa\u00e7\u00e3o", "tokens": [50914, 22175, 7453, 1515, 22586, 1136, 2772, 7813, 7639, 3691, 70, 5983, 12133, 45974, 289, 11720, 36768, 51164], "temperature": 0.0, "avg_logprob": -0.32062105510545813, "compression_ratio": 1.234375, "no_speech_prob": 0.2183360606431961}], "language": "pt"}